<?xml version="1.0" encoding="UTF-8"?>
<beans xmlns="http://www.springframework.org/schema/beans"
	xmlns:xsi="http://www.w3.org/2001/XMLSchema-instance"
	xmlns:aop="http://www.springframework.org/schema/aop"
	xmlns:context="http://www.springframework.org/schema/context"
	xsi:schemaLocation="http://www.springframework.org/schema/beans http://www.springframework.org/schema/beans/spring-beans.xsd
		http://www.springframework.org/schema/aop http://www.springframework.org/schema/aop/spring-aop-4.3.xsd
		http://www.springframework.org/schema/context http://www.springframework.org/schema/context/spring-context-4.3.xsd">

	<context:component-scan base-package="co.ho.spex" />
	<bean id="logAspect" class="co.ho.spex.member.common.LogAdvice" />
	
	<aop:config>
		<aop:aspect id="logAspect" ref="logAspect">
			<aop:pointcut expression="execution(* co.ho.spex..*Impl.*(..))" id="pointM"/>
			<aop:around method="logBefore" pointcut-ref="pointM"/>
		</aop:aspect>
	</aop:config>
	<!-- <aop:aspectj-autoproxy></aop:aspectj-autoproxy> -->
</beans>
